target_id,generated_code,generated_by
636767531a6d9265ec017efb,"void insertBefore(Bucket bucket){
// TODO: Implement this method
}",deepseek-coder-1.3b-instruct
6367675c1a6d9265ec01805b,"public void removeFromTreeEdgeList(){
// Remove this edge from both doubly linked lists of the tree edges.
}",deepseek-coder-1.3b-instruct
636767dd1a6d9265ec0186f3,"public void overrideName(String oldName,String newName){
// TODO: implement this method
}",deepseek-coder-1.3b-instruct
6367674a1a6d9265ec017da9,"private void moveAllListNodes(DoublyLinkedList<E> list){
// Write your code here
}",deepseek-coder-1.3b-instruct
6367667d1a6d9265ec0173ff,"public static Meteor lookup(HttpServletRequest r){
// TODO: implement this method
}",deepseek-coder-1.3b-instruct
636767861a6d9265ec018440,"public void abbreviate(final int nameStart,final StringBuffer buf){
// TODO: implement this method
}",deepseek-coder-1.3b-instruct
636766a91a6d9265ec0175c4,"private void pop(final String descriptor){
if(descriptor.charAt(0) == 'A'){
        //do something
    }
    else if(descriptor.charAt(0) == 'B'){
        //do something else
    }
    //and so on for other characters
}",deepseek-coder-1.3b-instruct
636767531a6d9265ec017efb,"void insertBefore(Bucket bucket){
//TODO
}",CodeLlama-7b-Instruct-hf
636766aa1a6d9265ec0175ce,"int visitFrameStart(final int offset, final int numLocal, final int numStack) {
    // Initialize currentFrame with the given offset, numLocal, and numStack
    // Code for initialization goes here

    return 3;
}",gpt-3.5-turbo
636767191a6d9265ec017c0f,"private void enlarge(final int size) {
    // Increase the size of the byte vector data by the given size
    // Implementation goes here
}",gpt-3.5-turbo
6367677e1a6d9265ec01830f,"public String format(LoggingEvent event) {
    // Implementation goes here
}",gpt-3.5-turbo
6367670b1a6d9265ec0179fe,"@Override public void write(byte b[]) throws IOException {
    // Write the given byte array b into the output stream
    // Implementation goes here
}",gpt-3.5-turbo
636767791a6d9265ec018257,"public void addMessage(final LogRecord lr) {
    SwingUtilities.invokeLater(() -> {
        // Add logic to display log record message in LogTable
    });
}",gpt-3.5-turbo
636767641a6d9265ec01817d,"@Override public void generateGraph(Graph<V,E> target, Map<String,V> resultMap) {
    // Implementation goes here
}",gpt-3.5-turbo
636767781a6d9265ec01823d,"protected void subAppend(LoggingEvent event) {
    // Write the message in the event into a temp file
    // Implementation goes here
}",gpt-3.5-turbo
636766821a6d9265ec0174b6,"public static Class<?>[] resolveArguments(Type genericType, Class<?> targetType) {
    // Implementation goes here
}",gpt-3.5-turbo
636767e11a6d9265ec018781,"@Override public void accept(final METRICS data) {
    // Implementation goes here
}",gpt-3.5-turbo
636767531a6d9265ec017efb,"void insertBefore(Bucket bucket) {
    // Implementation goes here
}",gpt-3.5-turbo
636766f11a6d9265ec017641,"@Override public int available() throws IOException {
    // Implementation here
    return 0;
}",gpt-3.5-turbo
636766f81a6d9265ec01775b,"public long readLong(final int offset) {
    // Implementation here
}",gpt-3.5-turbo
6367677f1a6d9265ec01834b,"public void put(LoggingEvent o) {
    // Implementation goes here
}",gpt-3.5-turbo
636766821a6d9265ec0174d2,"public static AtmosphereRequest wrap(HttpServletRequest request) {
    // Implementation goes here
}",gpt-3.5-turbo
636766f91a6d9265ec01776e,"@Override public void write(final byte b[], final int off, final int len) throws IOException {
    // Write bytes of length len from a byte array
    // Implementation goes here
}",gpt-3.5-turbo
636766ae1a6d9265ec0175dc,"public Boolean isPartialContentResponse() {
    // Add your implementation here
    return null;
}",gpt-3.5-turbo
636767601a6d9265ec0180fd,"protected void addToIndex(V sourceVertex, V targetVertex, E e) {
    // Implement the method here
    // Add an edge from sourceVertex to targetVertex to touchingVerticesToEdgeMap
}",gpt-3.5-turbo
636767dc1a6d9265ec0186c6,"private boolean containsAllFields(Fields fields) {
    // Implement the logic here
}",gpt-3.5-turbo
6367677b1a6d9265ec0182bd,"public String format(final LoggingEvent event) {
    // Implementation goes here
}",gpt-3.5-turbo
636766801a6d9265ec017482,"public void readFrom(final InputStream in) throws IOException {
    // Implementation goes here
}",gpt-3.5-turbo
6367670a1a6d9265ec0179d8,"@Override public void write(final byte[] b) throws IOException {
    // Write the byte array b to the buffer based on the encoding
    // Implementation goes here
}",gpt-3.5-turbo
636767dc1a6d9265ec0186cb,"public void init(){
    // Implementation goes here
}",gpt-3.5-turbo
636767a31a6d9265ec018552,"@Override public String readString() throws IOException {
    // Implementation goes here
}",gpt-3.5-turbo
6367667f1a6d9265ec017458,"public AtmosphereFramework removeAtmosphereHandler(String mapping) {
    // Implementation here
}",gpt-3.5-turbo
636767a21a6d9265ec018517,"public final byte[] toByteArray() {
    // Implement the method here
}",gpt-3.5-turbo
6367677e1a6d9265ec018314,"protected int removeUnusedNodes() {
    // Implementation goes here
}",gpt-3.5-turbo
636767511a6d9265ec017eb6,"private OuterFaceCirculator selectOnOuterFace(Predicate<Node> predicate, Node start, Node stop, int dir) {
    // Implementation goes here
}",gpt-3.5-turbo
636766f81a6d9265ec017758,"@Override public int hashCode() {
    // Add your implementation here
}",gpt-3.5-turbo
636766861a6d9265ec01755a,"public final MatchResult match(CharSequence uri) {
    // Implement the method here
}",gpt-3.5-turbo
636766f81a6d9265ec01774b,"public byte readByte() throws IOException {
    // Implementation goes here
}",gpt-3.5-turbo
636767aa1a6d9265ec01864a,"public byte[] toByteArray() {
    // Implement the method here
}",gpt-3.5-turbo
636767561a6d9265ec017f7c,"protected GraphPath<V,E> edgeSetToTour(Set<E> tour, Graph<V,E> graph) {
    // Implementation goes here
}",gpt-3.5-turbo
636766fe1a6d9265ec017823,"int addConstantNameAndType(final String name, final String descriptor) {
    // Add constant information to the constant pool
    // Return the index of the constant
}",gpt-3.5-turbo
636767e11a6d9265ec018795,"public boolean isCompatible(DataTable dataset) {
    // Implementation here
}",gpt-3.5-turbo
636767611a6d9265ec018112,"@Override  protected V provideNextVertex(){
    // implementation here
}",gpt-3.5-turbo
636767131a6d9265ec017b23,"final void addLineNumber(final int lineNumber) {
    // Add the number of lines
}",gpt-3.5-turbo
636767781a6d9265ec018250,"public int decide(LoggingEvent event) {
    // Implementation goes here
}",gpt-3.5-turbo
636766861a6d9265ec017553,"public final boolean isTemplateVariablePresent(String name) {
    // Implement the logic here
    // Check if the given name is a member variable of this template
    // Return true if present, otherwise return false
}",gpt-3.5-turbo
6367667d1a6d9265ec0173ff,"public static Meteor lookup(HttpServletRequest r) {
    // Implementation goes here
}",gpt-3.5-turbo
636767601a6d9265ec0180e2,"private List<Pair<List<Pair<Integer,Integer>>,E>> computeGlobalSeparatorList(){
    // Implementation goes here
}",gpt-3.5-turbo
6367675d1a6d9265ec018082,"Edge edgeToNext(){
    // implementation here
}",gpt-3.5-turbo
636767a31a6d9265ec01854f,"private void checkIfPackedField() throws IOException {
    // Add your implementation here
}",gpt-3.5-turbo
636767e11a6d9265ec018790,"public static List<ThreadSnapshot> parseFromFileWithTimeRange(File file, List<ProfileAnalyzeTimeRange> timeRanges) throws IOException {
    // Implementation goes here
}",gpt-3.5-turbo
6367670a1a6d9265ec0179d8,"@Override public void write(final byte[] b) throws IOException {
// TODO: This is a naive implementation.
// We should be using a buffered output stream.
for (byte aB : b) {
write(aB);
}
}",CodeLlama-34b-Instruct-hf
636767641a6d9265ec01817d,"@Override public void generateGraph(Graph<V,E> target,Map<String,V> resultMap){
\begin{code}
    for(String a:A){
        for(String b:B){
            V v1 = resultMap.get(a);
            V v2 = resultMap.get(b);
            if(v1==null){
                v1 = new Vertex(a);
                resultMap.put(a, v1);
            }
            if(v2==null){
                v2 = new Vertex(b);
                resultMap.put(b, v2);
            }
            target.addEdge(v1, v2, new Edge(v1, v2));
        }
    }
\end{code}

}",CodeLlama-13b-Instruct-hf
6367667d1a6d9265ec017401,,CodeLlama-7b-Instruct-hf
6367667f1a6d9265ec01745d,,CodeLlama-7b-Instruct-hf
636766a81a6d9265ec01758e,,CodeLlama-7b-Instruct-hf
636766a91a6d9265ec0175c4,,CodeLlama-7b-Instruct-hf
636766f61a6d9265ec017701,,CodeLlama-7b-Instruct-hf
636766fc1a6d9265ec0177da,,CodeLlama-7b-Instruct-hf